wavelength,transmission
3200,-0.03510569409
3199,0.00283164205
3198,0.01317420229
3197,-0.02203138359
3196,0.05457732454
3195,0.009737933986
3194,-0.002083561616
3193,0.0560234189
3192,0.004548450466
3191,-0.02687902376
3190,0.001468778588
3189,-0.04842827842
3188,0.0598680228
3187,-0.007234217599
3186,0.01117146574
3185,-0.0162682049
3184,0.01085408404
3183,0.03444102034
3182,0.03027373552
3181,0.01430437528
3180,-0.003083788324
3179,0.03717033565
3178,0.03733474016
3177,-0.01038588863
3176,0.01930916309
3175,-0.005676495377
3174,0.02075668238
3173,0.0595886074
3172,0.02028984949
3171,0.0604727827
3170,0.007387682796
3169,0.03639451042
3168,0.01195865218
3167,0.02901779115
3166,0.07769667357
3165,0.01110417023
3164,0.04259211197
3163,0.009642769583
3162,-0.01192281954
3161,-0.001513276598
3160,0.01877384447
3159,0.02736891247
3158,0.02241871692
3157,0.05672171712
3156,0.04139780253
3155,0.008742579259
3154,0.04229991138
3153,-0.01922539435
3152,0.05786383525
3151,0.02356101945
3150,-0.006003352813
3149,-0.003244436812
3148,0.03660668433
3147,-0.00291508832
3146,0.02186125889
3145,0.03248365968
3144,0.04361166432
3143,0.0002766022226
3142,-0.001146208262
3141,0.03018772975
3140,0.02386801317
3139,0.05733463168
3138,0.05246875063
3137,0.04744318128
3136,0.0349381268
3135,0.06873932481
3134,0.08819601685
3133,0.06290773302
3132,0.03060966358
3131,0.05782428384
3130,0.04031826556
3129,0.01485843491
3128,0.02038892359
3127,0.03224373609
3126,0.02784446627
3125,0.03767674044
3124,0.04450164735
3123,0.07354637235
3122,0.06591333449
3121,0.04076354578
3120,0.01363090891
3119,0.02145382203
3118,0.05015293881
3117,0.04563235492
3116,0.03436018527
3115,0.03444508836
3114,0.04006265476
3113,0.04831978306
3112,0.0239367988
3111,0.05786173418
3110,0.0174394343
3109,0.04823944718
3108,0.03063288704
3107,0.02234491333
3106,0.02250554413
3105,0.03851699457
3104,0.04164420068
3103,0.04374295846
3102,0.05063771456
3101,0.04060959443
3100,0.03144042194
3099,0.01718967035
3098,0.05211900547
3097,0.02131401189
3096,0.04412900284
3095,0.03579964861
3094,0.05397410691
3093,0.04192344844
3092,0.03806660697
3091,0.04255417734
3090,0.04045422375
3089,0.03242193535
3088,0.05327220261
3087,0.03325169161
3086,0.02867548913
3085,0.04366142303
3084,0.04028106481
3083,0.02882246301
3082,0.04326019064
3081,0.03332205117
3080,0.03892631829
3079,0.04886152595
3078,0.05036222935
3077,0.04428097233
3076,0.03788146004
3075,0.03249292821
3074,0.03798428178
3073,0.04724872485
3072,0.04460151866
3071,0.04662273079
3070,0.04019706696
3069,0.04841708764
3068,0.0375684686
3067,0.03607573733
3066,0.05292640999
3065,0.05260569602
3064,0.04035690427
3063,0.05382350087
3062,0.02517185919
3061,0.04812568054
3060,0.05030122772
3059,0.05142655596
3058,0.03553314507
3057,0.056467399
3056,0.03938575834
3055,0.0484527573
3054,0.04537335411
3053,0.03813549131
3052,0.04006053135
3051,0.05633370578
3050,0.04143286869
3049,0.04699968919
3048,0.04633697495
3047,0.05100149289
3046,0.04585335404
3045,0.04080436006
3044,0.05517471582
3043,0.04622292891
3042,0.04761212319
3041,0.04349909723
3040,0.03654377535
3039,0.04400861263
3038,0.05379752815
3037,0.04284181446
3036,0.04526107386
3035,0.04923842475
3034,0.04326668009
3033,0.04370221123
3032,0.04494354129
3031,0.05120252073
3030,0.04325040057
3029,0.04740394279
3028,0.05072635785
3027,0.03806037828
3026,0.04373660311
3025,0.0464357622
3024,0.04648029804
3023,0.03383892402
3022,0.03783614933
3021,0.04515096545
3020,0.04101084173
3019,0.04856463894
3018,0.04661753401
3017,0.04415613785
3016,0.0517559424
3015,0.04627936706
3014,0.04666788876
3013,0.04473304003
3012,0.04039271548
3011,0.04635552689
3010,0.04510202259
3009,0.04573008791
3008,0.05193088949
3007,0.04655291885
3006,0.05052094907
3005,0.05026984215
3004,0.0510385558
3003,0.04948319867
3002,0.04259444401
3001,0.04614084587
3000,0.04423064366
2999,0.05897346884
2998,0.04376593605
2997,0.05457773805
2996,0.04337874427
2995,0.05045165122
2994,0.04759003222
2993,0.04992895573
2992,0.05383741111
2991,0.04655593634
2990,0.05531169474
2989,0.04956988245
2988,0.04771164432
2987,0.05003628135
2986,0.05252366513
2985,0.05057504028
2984,0.04966671765
2983,0.04757937789
2982,0.04790928215
2981,0.04711830243
2980,0.05265295506
2979,0.04562490061
2978,0.04848664626
2977,0.0499602519
2976,0.04525604472
2975,0.04797018319
2974,0.05043502152
2973,0.04412006959
2972,0.05102542415
2971,0.0507103987
2970,0.0518476069
2969,0.04989206046
2968,0.0459260866
2967,0.04607071355
2966,0.04880238697
2965,0.04483608529
2964,0.04813247919
2963,0.04642787948
2962,0.04619957879
2961,0.04683401063
2960,0.04913891479
2959,0.04586988315
2958,0.04879687726
2957,0.0451410152
2956,0.04751417786
2955,0.04919125885
2954,0.04647993296
2953,0.04755781591
2952,0.05105169863
2951,0.04899735749
2950,0.04953592271
2949,0.04943644628
2948,0.05198356137
2947,0.05044133216
2946,0.05162608624
2945,0.04959256202
2944,0.04869505763
2943,0.04971414059
2942,0.04817686975
2941,0.04956375435
2940,0.05053261295
2939,0.05059087276
2938,0.04852578789
2937,0.04877879471
2936,0.05110360682
2935,0.05012388155
2934,0.05050335452
2933,0.04962171242
2932,0.05080804601
2931,0.05012678355
2930,0.047475826
2929,0.04873950034
2928,0.04858965054
2927,0.04983801022
2926,0.05025546998
2925,0.05105455592
2924,0.04734968394
2923,0.05187338218
2922,0.0492679365
2921,0.04747349769
2920,0.05040125549
2919,0.05105088279
2918,0.04724585265
2917,0.05220801756
2916,0.04999565333
2915,0.04686171189
2914,0.05024150014
2913,0.04752846807
2912,0.04915433377
2911,0.0463151224
2910,0.04832868278
2909,0.0481056124
2908,0.05018552765
2907,0.04743172601
2906,0.04792778194
2905,0.04877477139
2904,0.04687277973
2903,0.04679969698
2902,0.04742153734
2901,0.04999752343
2900,0.04679138958
2899,0.04867244512
2898,0.04936956614
2897,0.04891942814
2896,0.04802883044
2895,0.04734574258
2894,0.0481720008
2893,0.04907803237
2892,0.04639177769
2891,0.04659684375
2890,0.04724404961
2889,0.04729665443
2888,0.04620073736
2887,0.04590626806
2886,0.04842120409
2885,0.04557422549
2884,0.04665014148
2883,0.04517211765
2882,0.04528572038
2881,0.04671545327
2880,0.04634431005
2879,0.04685517773
2878,0.04629388452
2877,0.04530075192
2876,0.0454373844
2875,0.04720536992
2874,0.0450730212
2873,0.04484019801
2872,0.04660344496
2871,0.04390043765
2870,0.04604091495
2869,0.04483031482
2868,0.04412649572
2867,0.04421128705
2866,0.04248798639
2865,0.04299351946
2864,0.04452555627
2863,0.04134050012
2862,0.04166598991
2861,0.04198594391
2860,0.04234271497
2859,0.04089082032
2858,0.03906385601
2857,0.04277903587
2856,0.03712034598
2855,0.03884778172
2854,0.0386599265
2853,0.03825426102
2852,0.0408773385
2851,0.037077602
2850,0.04083145782
2849,0.03800140694
2848,0.03703454137
2847,0.03700584918
2846,0.03476564586
2845,0.03506724164
2844,0.03522587568
2843,0.03407666832
2842,0.03449428082
2841,0.03578236327
2840,0.03236659244
2839,0.03314634413
2838,0.02899094857
2837,0.0316026248
2836,0.02837097272
2835,0.03120880201
2834,0.02853806317
2833,0.03019522503
2832,0.02771323733
2831,0.02675978467
2830,0.0261611864
2829,0.02731628157
2828,0.02595403977
2827,0.02660021931
2826,0.02359113656
2825,0.02297816984
2824,0.02228943259
2823,0.02244803123
2822,0.01988834329
2821,0.02257899381
2820,0.02085930854
2819,0.02078338526
2818,0.02042902261
2817,0.01765810512
2816,0.01737158932
2815,0.01963440701
2814,0.01754668914
2813,0.01780109294
2812,0.01879121177
2811,0.01557319611
2810,0.01553651225
2809,0.01316625532
2808,0.01326247584
2807,0.01492309198
2806,0.01494450681
2805,0.01288033277
2804,0.0121114077
2803,0.01246095635
2802,0.009425843135
2801,0.008308812976
2800,0.008686355315
2799,0.01006666105
2798,0.00717109954
2797,0.006798881106
2796,0.008855169639
2795,0.008516911417
2794,0.01044067368
2793,0.00770784542
2792,0.00746679306
2791,0.006751842797
2790,0.008240555413
2789,0.006238310132
2788,0.00532780122
2787,0.004301847424
2786,0.004928844515
2785,0.01000774466
2784,0.003184469882
2783,0.00523737492
2782,0.006606291048
2781,0.007549989969
2780,0.002218867652
2779,0.004123308696
2778,0.004524719436
2777,0.00438822154
2776,0.0025534858
2775,0.002590037882
2774,0.002253053943
2773,0.001868383144
2772,0.001321118558
2771,0.004957937635
2770,0.001719654072
2769,0.001609719591
2768,0.003079258371
2767,0.002288422082
2766,0.002837225096
2765,-0.000878440449
2764,0.0009614592418
2763,0.001401438611
2762,0.0004930888535
2761,-0.0009744787239
2760,-0.001580951153
2759,0.000770124374
2758,0.0007926103426
2757,-0.00251808716
2756,-0.00004659483238
2755,0.003507400164
2754,-0.001111748046
2753,0.000004451637324
2752,-0.0002817174827
2751,0.001254830742
2750,0.001820475329
2749,-0.001750572119
2748,0.003025965532
2747,0.000231674494
2746,0.0008937579114
2745,0.0008139990969
2744,0.001356150955
2743,0.001376808854
2742,-0.00007387594087
2741,0.0003454672988
2740,-0.0001378046873
2739,-0.0001858209725
2738,-0.001557341078
2737,0.001244530431
2736,-0.002136351541
2735,0.000587579445
2734,0.001415047678
2733,-0.001475997269
2732,-0.0004965370754
2731,0.002414520131
2730,-0.0005482473643
2729,0.0005329171545
2728,0.0003505047644
2727,-0.001031912281
2726,0.002133633709
2725,0.0007411331171
2724,0.00145627663
2723,0.00009919522563
2722,-0.00006323424168
2721,0.0004571589525
2720,-0.001626854297
2719,-0.00151206716
2718,0.0006830798811
2717,-0.00326089398
2716,0.0003575039736
2715,0.0006726277643
2714,0.001186603447
2713,-0.0003969333193
2712,0.002684732433
2711,0.001622968004
2710,-0.0009450388607
2709,-0.001220881357
2708,0.001743771136
2707,0.001238295343
2706,0.004728777334
2705,0.002282056957
2704,0.003275423776
2703,0.003048173618
2702,0.00360285514
2701,0.00694600679
2700,0.005945786834
2699,0.008270717226
2698,0.008238031529
2697,0.01206979714
2696,0.01447317656
2695,0.01716501638
2694,0.01792079769
2693,0.02103346027
2692,0.0231022574
2691,0.02869894728
2690,0.02725380473
2689,0.03367995843
2688,0.036479
2687,0.03818287328
2686,0.04322879389
2685,0.04587717354
2684,0.05163007975
2683,0.05510350317
2682,0.06071347743
2681,0.06472911686
2680,0.06708091497
2679,0.07477271557
2678,0.07322820276
2677,0.0812413618
2676,0.08416124433
2675,0.08970586956
2674,0.09738515317
2673,0.101125814
2672,0.1092670932
2671,0.1131979972
2670,0.117976658
2669,0.1213940904
2668,0.1283595264
2667,0.1308576763
2666,0.1353551149
2665,0.1365897655
2664,0.1417303383
2663,0.1424124688
2662,0.1469177604
2661,0.1489807814
2660,0.1484157741
2659,0.1484629959
2658,0.149417311
2657,0.1509573758
2656,0.1529484689
2655,0.1528092325
2654,0.1550974548
2653,0.1570145786
2652,0.1552870721
2651,0.1555949152
2650,0.1598300934
2649,0.1583189368
2648,0.1613229513
2647,0.1620914489
2646,0.1620113105
2645,0.1652890146
2644,0.1639989614
2643,0.1662543565
2642,0.1662858278
2641,0.1666964591
2640,0.1670536846
2639,0.1687836647
2638,0.1672877967
2637,0.1690215617
2636,0.169737637
2635,0.1689675599
2634,0.1721133292
2633,0.1728158742
2632,0.1721677184
2631,0.1723198593
2630,0.177331239
2629,0.1750588268
2628,0.1747244447
2627,0.1770370752
2626,0.1780789196
2625,0.1799531281
2624,0.1754874438
2623,0.1808049977
2622,0.1793922186
2621,0.1801208705
2620,0.1796573102
2619,0.1818851978
2618,0.1811037362
2617,0.182901755
2616,0.1824855208
2615,0.1829415262
2614,0.183633849
2613,0.1849825531
2612,0.1815724373
2611,0.1856807023
2610,0.1833079159
2609,0.1843767613
2608,0.1842083931
2607,0.1851756275
2606,0.1876758933
2605,0.1857402325
2604,0.1881742626
2603,0.1868370324
2602,0.1888113916
2601,0.1909982711
2600,0.1911841929
2599,0.1914792657
2598,0.1913381815
2597,0.1901040971
2596,0.1933238953
2595,0.1934957355
2594,0.1920668483
2593,0.1925918311
2592,0.19367899
2591,0.1983013451
2590,0.1960493326
2589,0.199180007
2588,0.1990848482
2587,0.1998899728
2586,0.1993678063
2585,0.1996380538
2584,0.2005468607
2583,0.2048487067
2582,0.2026226074
2581,0.2028465271
2580,0.2033926547
2579,0.2035085857
2578,0.205829829
2577,0.2049949765
2576,0.2072429061
2575,0.2057646662
2574,0.2088611275
2573,0.2078467906
2572,0.2081273198
2571,0.2108681947
2570,0.2085187286
2569,0.2083315253
2568,0.2113690376
2567,0.2119379342
2566,0.2151459008
2565,0.2131052315
2564,0.2162672132
2563,0.2175188214
2562,0.2156978697
2561,0.2189459503
2560,0.2186159641
2559,0.2208130956
2558,0.2211536914
2557,0.2225590944
2556,0.2233463824
2555,0.223385632
2554,0.2235013545
2553,0.2260451168
2552,0.2252683491
2551,0.2255951762
2550,0.2265198827
2549,0.2271301597
2548,0.2285519838
2547,0.2318300754
2546,0.2325701267
2545,0.2322600633
2544,0.2355180383
2543,0.2358840704
2542,0.2366860211
2541,0.2382526696
2540,0.238006562
2539,0.2400490046
2538,0.2396760732
2537,0.2419038862
2536,0.2438682765
2535,0.244011566
2534,0.2456731796
2533,0.2485995144
2532,0.2478451729
2531,0.250665158
2530,0.2502996325
2529,0.2526369095
2528,0.2512636781
2527,0.2534127831
2526,0.2566071451
2525,0.2575353682
2524,0.2600743771
2523,0.2578357756
2522,0.2615146935
2521,0.263017565
2520,0.2626519799
2519,0.2640731633
2518,0.2639212012
2517,0.2654128075
2516,0.2671688199
2515,0.2704398334
2514,0.2696863413
2513,0.2704939246
2512,0.272115469
2511,0.2746325731
2510,0.2741168737
2509,0.2766503692
2508,0.2744770944
2507,0.2769911289
2506,0.2803194821
2505,0.2798605859
2504,0.2833639681
2503,0.2811346352
2502,0.2860733271
2501,0.2866776288
2500,0.2856768966
2499,0.2862799764
2498,0.289355427
2497,0.2929659486
2496,0.2928343713
2495,0.2924875915
2494,0.294890523
2493,0.2957296371
2492,0.2961717844
2491,0.2961051166
2490,0.2995949388
2489,0.2998281419
2488,0.301178962
2487,0.3023893833
2486,0.3010041714
2485,0.3041495383
2484,0.3073572218
2483,0.3072045147
2482,0.3105251789
2481,0.309982866
2480,0.3101605773
2479,0.3132897019
2478,0.313465476
2477,0.3150867224
2476,0.3162922561
2475,0.3149504662
2474,0.3166738153
2473,0.318510592
2472,0.319444418
2471,0.3220406771
2470,0.3219261765
2469,0.3218959868
2468,0.322491616
2467,0.3233839571
2466,0.3250357807
2465,0.3273911476
2464,0.3288187683
2463,0.3307707012
2462,0.3303573728
2461,0.331903398
2460,0.3336732388
2459,0.3332160115
2458,0.3330153525
2457,0.3325266242
2456,0.3367338181
2455,0.337613672
2454,0.3372879028
2453,0.341178745
2452,0.3412543237
2451,0.3394870758
2450,0.3416774273
2449,0.3424930274
2448,0.3453053534
2447,0.3405280709
2446,0.3462498188
2445,0.3474438488
2444,0.3500703871
2443,0.3512123823
2442,0.3500374258
2441,0.3504687548
2440,0.3521443009
2439,0.3530915678
2438,0.3522737622
2437,0.3554203212
2436,0.3570141494
2435,0.3590299487
2434,0.3586972058
2433,0.3604481816
2432,0.3638379574
2431,0.3606826365
2430,0.3641152382
2429,0.3613524437
2428,0.3639601767
2427,0.3660486341
2426,0.3679151535
2425,0.3675164878
2424,0.368955493
2423,0.3677157164
2422,0.3685973585
2421,0.3706793785
2420,0.3733977973
2419,0.3744237125
2418,0.3720616102
2417,0.3738873005
2416,0.3741189539
2415,0.3764498234
2414,0.379499644
2413,0.3752597272
2412,0.3801326156
2411,0.3790794313
2410,0.3800075948
2409,0.3817159534
2408,0.3826715946
2407,0.3804412782
2406,0.3819320202
2405,0.3836830258
2404,0.384513706
2403,0.3867450655
2402,0.387721777
2401,0.3871244192
2400,0.3882916272
2399,0.3878352046
2398,0.3878247142
2397,0.3902940452
2396,0.3914602101
2395,0.3880344629
2394,0.389110893
2393,0.3904607594
2392,0.3894810975
2391,0.3944770396
2390,0.3911986351
2389,0.3923630714
2388,0.3932855427
2387,0.3959395885
2386,0.3960187137
2385,0.3937639892
2384,0.3974250853
2383,0.3934927881
2382,0.3965512812
2381,0.3973398805
2380,0.3990691602
2379,0.3952434361
2378,0.3999623358
2377,0.4010780752
2376,0.3986890018
2375,0.3996909261
2374,0.4002805352
2373,0.4006659687
2372,0.4010959566
2371,0.4008367658
2370,0.4021653831
2369,0.4037743807
2368,0.4020296931
2367,0.4031634033
2366,0.402762413
2365,0.406172961
2364,0.4026643038
2363,0.4042969942
2362,0.4041493535
2361,0.4080399871
2360,0.4069438279
2359,0.4086766839
2358,0.4076047838
2357,0.4082038999
2356,0.4088548124
2355,0.4083657563
2354,0.4106119275
2353,0.4089878798
2352,0.4123269916
2351,0.4121360481
2350,0.4118152559
2349,0.4119164646
2348,0.4117692709
2347,0.4110286832
2346,0.4105522633
2345,0.412599504
2344,0.4131060541
2343,0.4129529893
2342,0.4159039259
2341,0.4155693948
2340,0.4136843085
2339,0.4128567278
2338,0.414357245
2337,0.4106101692
2336,0.4158053398
2335,0.4162751734
2334,0.4178777337
2333,0.4165348113
2332,0.4170936644
2331,0.4167501926
2330,0.4177697599
2329,0.4151904881
2328,0.41910097
2327,0.4213276207
2326,0.4201893806
2325,0.4221576154
2324,0.4186439812
2323,0.4193213284
2322,0.4148038626
2321,0.416863054
2320,0.4208500385
2319,0.4186435044
2318,0.4216519594
2317,0.422072053
2316,0.4222090244
2315,0.4199888706
2314,0.4157596231
2313,0.4179986715
2312,0.4200797677
2311,0.4190648794
2310,0.4236599505
2309,0.4215919375
2308,0.4247539341
2307,0.4240911603
2306,0.4180640876
2305,0.4194522202
2304,0.4190002978
2303,0.4226568043
2302,0.4262334704
2301,0.4242645502
2300,0.4230034053
2299,0.4221023619
2298,0.4223355949
2297,0.4205647409
2296,0.4204802811
2295,0.4230923951
2294,0.4235625863
2293,0.4247684479
2292,0.4237064719
2291,0.4227254987
2290,0.4211961329
2289,0.425254643
2288,0.4239627719
2287,0.4228726625
2286,0.4250201881
2285,0.4229413271
2284,0.4250009656
2283,0.4249821305
2282,0.4246383309
2281,0.4258908927
2280,0.4262396693
2279,0.4238930643
2278,0.4251989126
2277,0.4271948338
2276,0.4247533977
2275,0.4287688136
2274,0.4240688384
2273,0.4250046015
2272,0.4249271154
2271,0.4225194454
2270,0.4252404571
2269,0.4247860014
2268,0.427313894
2267,0.4281459749
2266,0.4265657961
2265,0.4249871373
2264,0.4258214831
2263,0.4254549742
2262,0.427156508
2261,0.4274221957
2260,0.4248274565
2259,0.4280931652
2258,0.4251785576
2257,0.4241129756
2256,0.4270150363
2255,0.4270365834
2254,0.425948441
2253,0.4258720577
2252,0.427305758
2251,0.4286890924
2250,0.4274874926
2249,0.4250551164
2248,0.428524971
2247,0.4284263253
2246,0.4274974167
2245,0.4282622933
2244,0.427105546
2243,0.4254276454
2242,0.4291017056
2241,0.4295210242
2240,0.4308243394
2239,0.4320729375
2238,0.4320797622
2237,0.430998683
2236,0.431450069
2235,0.4339072704
2234,0.4329693913
2233,0.4336660206
2232,0.4339807332
2231,0.4329460263
2230,0.433748126
2229,0.4328781664
2228,0.4321349263
2227,0.432705313
2226,0.4327463508
2225,0.4337904155
2224,0.4319583476
2223,0.4341804385
2222,0.4311292768
2221,0.4305621982
2220,0.4317835867
2219,0.4302840233
2218,0.4316266775
2217,0.4323938489
2216,0.4301023185
2215,0.4336648285
2214,0.4325999916
2213,0.4317897856
2212,0.4320437908
2211,0.4377794564
2210,0.4349390566
2209,0.4397003353
2208,0.4409512579
2207,0.4415276349
2206,0.4465526044
2205,0.4482764304
2204,0.4487329125
2203,0.4548207521
2202,0.4611203969
2201,0.4663113058
2200,0.471226126
2199,0.4780154824
2198,0.4801128507
2197,0.4855038524
2196,0.4907015562
2195,0.4945152402
2194,0.4988242984
2193,0.5054832697
2192,0.5135822296
2191,0.5172134042
2190,0.5198683143
2189,0.524076283
2188,0.5262613893
2187,0.533175528
2186,0.536662221
2185,0.5416020155
2184,0.5462886095
2183,0.5454224348
2182,0.5513181686
2181,0.5524211526
2180,0.5555610061
2179,0.5592395663
2178,0.5642821789
2177,0.5681689978
2176,0.5695258975
2175,0.5721276402
2174,0.575316906
2173,0.5773507357
2172,0.5821107626
2171,0.5885621905
2170,0.5894608498
2169,0.5940197706
2168,0.5939321518
2167,0.5965263844
2166,0.5986191034
2165,0.6019887924
2164,0.6062071919
2163,0.6096166372
2162,0.6150870919
2161,0.6141856909
2160,0.6193945408
2159,0.61958009
2158,0.6243728399
2157,0.6277472973
2156,0.6319534183
2155,0.6373872757
2154,0.6371312141
2153,0.6417102814
2152,0.6431061029
2151,0.6462023854
2150,0.6492471099
2149,0.6555013657
2148,0.6562259197
2147,0.6608608365
2146,0.664274931
2145,0.6651039124
2144,0.6702446342
2143,0.6730316877
2142,0.6770809889
2141,0.6801334023
2140,0.6839067936
2139,0.6863963008
2138,0.6878849864
2137,0.6927310228
2136,0.6981175542
2135,0.6999679208
2134,0.7021728158
2133,0.708928287
2132,0.7102367282
2131,0.7125641704
2130,0.7177018523
2129,0.718735218
2128,0.7220050693
2127,0.7254495621
2126,0.7308573723
2125,0.7336683273
2124,0.7362864017
2123,0.7376266718
2122,0.7414458394
2121,0.7431975603
2120,0.7486537099
2119,0.749869287
2118,0.7537600398
2117,0.7559661865
2116,0.7561770678
2115,0.7606962919
2114,0.7647583485
2113,0.7683369517
2112,0.7704043984
2111,0.7747486234
2110,0.7735273838
2109,0.7778404951
2108,0.7790666819
2107,0.7839372158
2106,0.7879880071
2105,0.7905192375
2104,0.7893103361
2103,0.7933131456
2102,0.7940272689
2101,0.7954122424
2100,0.8000004292
2099,0.8038209677
2098,0.8064194322
2097,0.8047651649
2096,0.8076236844
2095,0.8085676432
2094,0.8088436723
2093,0.8150878549
2092,0.8151329756
2091,0.8172136545
2090,0.8172295094
2089,0.8147034049
2088,0.8175409436
2087,0.8169192672
2086,0.8219492435
2085,0.8244430423
2084,0.8282302618
2083,0.8267613053
2082,0.8252962232
2081,0.8231368661
2080,0.825958252
2079,0.8269761801
2078,0.8298285007
2077,0.8298436999
2076,0.8305657506
2075,0.8279790282
2074,0.8300819397
2073,0.833035171
2072,0.8333485723
2071,0.83621943
2070,0.8331833482
2069,0.8335090876
2068,0.832377851
2067,0.8314172626
2066,0.8354993463
2065,0.8354256749
2064,0.8376535177
2063,0.8365181088
2062,0.8357903957
2061,0.8361334205
2060,0.8362039924
2059,0.8385068774
2058,0.8372972012
2057,0.8407909274
2056,0.8391209841
2055,0.8398287296
2054,0.840739131
2053,0.8400579095
2052,0.842861712
2051,0.8458251357
2050,0.8463511467
2049,0.8423485756
2048,0.840256989
2047,0.8441949487
2046,0.8500649333
2045,0.8518958688
2044,0.8496698737
2043,0.8503515124
2042,0.8512208462
2041,0.85147506
2040,0.8515646458
2039,0.8571223617
2038,0.8615275025
2037,0.8554874063
2036,0.8557204008
2035,0.8564389348
2034,0.8595645428
2033,0.8634562492
2032,0.8654463887
2031,0.8652836084
2030,0.8646963835
2029,0.8685520887
2028,0.8676043749
2027,0.8702874184
2026,0.8742904067
2025,0.8733025789
2024,0.8732100129
2023,0.8732628226
2022,0.8756043315
2021,0.8789020777
2020,0.8804302812
2019,0.8806586266
2018,0.8812043071
2017,0.8798319697
2016,0.880890727
2015,0.883896172
2014,0.8884570599
2013,0.8879656196
2012,0.8853996992
2011,0.8835740089
2010,0.8881201148
2009,0.8873277307
2008,0.8896817565
2007,0.8906659484
2006,0.8925017118
2005,0.890119195
2004,0.8880032301
2003,0.8911169767
2002,0.8968669772
2001,0.8952636123
2000,0.8936309218
1999,0.8951145411
1998,0.8950152397
1997,0.898022294
1996,0.8972678185
1995,0.9002531171
1994,0.9013283253
1993,0.9011931419
1992,0.8992688656
1991,0.8993521333
1990,0.9031802416
1989,0.9080013037
1988,0.9090820551
1987,0.9090706706
1986,0.9096519351
1985,0.912330389
1984,0.9151737094
1983,0.9181407094
1982,0.9207579494
1981,0.9229201078
1980,0.923636198
1979,0.924824059
1978,0.9310000539
1977,0.9319694042
1976,0.9368621111
1975,0.9404313564
1974,0.9424315691
1973,0.9473628998
1972,0.9480621815
1971,0.9560481906
1970,0.9580362439
1969,0.9617774487
1968,0.9680440426
1967,0.9720871449
1966,0.975120604
1965,0.9802472591
1964,0.9877886772
1963,0.9949055314
1962,0.9972134829
1961,1.002064943
1960,1.005038023
1959,1.010677218
1958,1.019392848
1957,1.027305126
1956,1.030720472
1955,1.03549993
1954,1.037139416
1953,1.043955207
1952,1.052170515
1951,1.058943272
1950,1.063771129
1949,1.068250299
1948,1.073365927
1947,1.079488993
1946,1.086956263
1945,1.088992119
1944,1.095402837
1943,1.101463437
1942,1.103092313
1941,1.106392264
1940,1.112375736
1939,1.11908102
1938,1.118424058
1937,1.123633504
1936,1.126803517
1935,1.132796645
1934,1.138259411
1933,1.14049089
1932,1.146799326
1931,1.147118688
1930,1.1565485
1929,1.156142592
1928,1.159914613
1927,1.167926073
1926,1.168949723
1925,1.173243642
1924,1.179297566
1923,1.184070706
1922,1.191078186
1921,1.195762873
1920,1.200063825
1919,1.202911973
1918,1.204389453
1917,1.208140254
1916,1.21313715
1915,1.218257904
1914,1.22324121
1913,1.227185369
1912,1.229251623
1911,1.237774968
1910,1.239669919
1909,1.245947957
1908,1.249511838
1907,1.258579493
1906,1.262211204
1905,1.265824318
1904,1.271202564
1903,1.272626162
1902,1.27666378
1901,1.284326434
1900,1.288101912
1899,1.296093822
1898,1.304150105
1897,1.313869476
1896,1.316547394
1895,1.322091699
1894,1.326372981
1893,1.330812097
1892,1.33568573
1891,1.342317939
1890,1.346676826
1889,1.356794596
1888,1.361044526
1887,1.366445541
1886,1.367898345
1885,1.379374743
1884,1.38467133
1883,1.389964819
1882,1.397419453
1881,1.400016904
1880,1.40379858
1879,1.411355972
1878,1.416837215
1877,1.424443126
1876,1.427462459
1875,1.432939649
1874,1.442675948
1873,1.447962999
1872,1.454625607
1871,1.462056398
1870,1.47078526
1869,1.477175355
1868,1.484167576
1867,1.492687583
1866,1.505094528
1865,1.514688611
1864,1.524635077
1863,1.531801343
1862,1.542616129
1861,1.557887077
1860,1.570704579
1859,1.582712173
1858,1.589462519
1857,1.601063132
1856,1.613515377
1855,1.627204776
1854,1.643304348
1853,1.659510493
1852,1.672067165
1851,1.682620645
1850,1.688987374
1849,1.698708892
1848,1.713055372
1847,1.730770826
1846,1.749391317
1845,1.76407063
1844,1.780434132
1843,1.796574712
1842,1.812453151
1841,1.826319098
1840,1.842213035
1839,1.856233358
1838,1.86891818
1837,1.882764459
1836,1.899577141
1835,1.921545863
1834,1.938497663
1833,1.952881575
1832,1.964405775
1831,1.972266674
1830,1.981600046
1829,1.999361992
1828,2.021851778
1827,2.042168617
1826,2.067336082
1825,2.081350565
1824,2.094335079
1823,2.104469299
1822,2.11442852
1821,2.13172245
1820,2.147783995
1819,2.165036201
1818,2.181123257
1817,2.197705269
1816,2.213477135
1815,2.228759527
1814,2.251468182
1813,2.266079426
1812,2.285408497
1811,2.29857564
1810,2.314473391
1809,2.330878973
1808,2.346122503
1807,2.361745834
1806,2.374110222
1805,2.392331839
1804,2.410404444
1803,2.426431656
1802,2.442944288
1801,2.45759511
1800,2.472711802
1799,2.486642599
1798,2.505309582
1797,2.522714138
1796,2.533385277
1795,2.543526888
1794,2.560034275
1793,2.575198889
1792,2.590817451
1791,2.599986076
1790,2.614989996
1789,2.624768257
1788,2.639119625
1787,2.649296999
1786,2.659382582
1785,2.671401024
1784,2.680394173
1783,2.693492889
1782,2.700966597
1781,2.712690353
1780,2.715567589
1779,2.721355915
1778,2.731854916
1777,2.737523794
1776,2.741489887
1775,2.742591858
1774,2.745414257
1773,2.750212908
1772,2.757010937
1771,2.754444122
1770,2.750416517
1769,2.743559837
1768,2.744590044
1767,2.743368387
1766,2.737423897
1765,2.727026701
1764,2.716927767
1763,2.711706161
1762,2.706352472
1761,2.692125082
1760,2.669534206
1759,2.654684544
1758,2.64293766
1757,2.62533164
1756,2.604596615
1755,2.57607317
1754,2.553568363
1753,2.535886765
1752,2.506845951
1751,2.46961236
1750,2.439173222
1749,2.407211542
1748,2.379610777
1747,2.338019371
1746,2.294516802
1745,2.253042459
1744,2.217168093
1743,2.177903175
1742,2.130333424
1741,2.078912497
1740,2.031355381
1739,1.991564989
1738,1.948332071
1737,1.891111612
1736,1.835842609
1735,1.791919708
1734,1.757739902
1733,1.711209059
1732,1.653550386
1731,1.601296425
1730,1.55971849
1729,1.531045794
1728,1.479940534
1727,1.427118421
1726,1.38632381
1725,1.354460716
1724,1.322381854
1723,1.27901721
1722,1.238219857
1721,1.204284906
1720,1.182654023
1719,1.152695537
1718,1.113442659
1717,1.081352115
1716,1.059524059
1715,1.046149373
1714,1.018540263
1713,0.9866396189
1712,0.9660507441
1711,0.9519320726
1710,0.9397579432
1709,0.9163081646
1708,0.891041398
1707,0.8812083602
1706,0.872125566
1705,0.8550251722
1704,0.8325209618
1703,0.8210893869
1702,0.8134789467
1701,0.8077252507
1700,0.787872076
1699,0.7684480548
1698,0.7572324276
1697,0.7586212754
1696,0.7441210747
1695,0.7260658145
1694,0.712220192
1693,0.7052816153
1692,0.6966382265
1691,0.6849554181
1690,0.6642243862
1689,0.6492128372
1688,0.6462535858
1687,0.6340685487
1686,0.6167556047
1685,0.6026566029
1684,0.5906580091
1683,0.5847792029
1682,0.5691912174
1681,0.5529453754
1680,0.5416299105
1679,0.5331173539
1678,0.5211310983
1677,0.5095996261
1676,0.4969133437
1675,0.4862699211
1674,0.4759290814
1673,0.4642520547
1672,0.4576290548
1671,0.4451838434
1670,0.4361887574
1669,0.4267263114
1668,0.4179653227
1667,0.4124728441
1666,0.402084738
1665,0.3893872499
1664,0.3849178851
1663,0.3794122934
1662,0.3725675344
1661,0.3637782335
1660,0.3516803384
1659,0.3529173434
1658,0.3514820337
1657,0.3375822902
1656,0.3284945488
1655,0.3309675455
1654,0.3279799521
1653,0.3218641579
1652,0.3122137487
1651,0.3078149557
1650,0.3094240427
1649,0.3062807322
1648,0.2989263237
1647,0.2927968502
1646,0.2954751849
1645,0.2919834852
1644,0.289159745
1643,0.2833414078
1642,0.284507066
1641,0.2850698531
1640,0.2820160091
1639,0.2775114179
1638,0.2769319117
1637,0.2787302136
1636,0.2795375884
1635,0.276560545
1634,0.272129178
1633,0.278021425
1632,0.2790178061
1631,0.2736070752
1630,0.2752231956
1629,0.27712363
1628,0.2813099027
1627,0.2792653739
1626,0.2779196799
1625,0.2828494012
1624,0.2873783112
1623,0.2830306888
1622,0.2872108519
1621,0.2865583897
1620,0.2927800119
1619,0.2892895341
1618,0.2902327776
1617,0.2936798036
1616,0.3017746508
1615,0.2980660796
1614,0.2958312631
1613,0.2998786271
1612,0.3056716323
1611,0.3076570034
1610,0.3033899367
1609,0.3081280589
1608,0.315187335
1607,0.3141296208
1606,0.3097141385
1605,0.3134728968
1604,0.3217275441
1603,0.3190074861
1602,0.3171559572
1601,0.3153435588
1600,0.3249703646
1599,0.3273208737
1598,0.316601634
1597,0.3182170689
1596,0.3273764253
1595,0.3238936663
1594,0.316583097
1593,0.314848721
1592,0.3197637498
1591,0.3193774819
1590,0.3089754283
1589,0.3098589182
1588,0.3095040023
1587,0.3096808195
1586,0.3026379049
1585,0.2966540754
1584,0.302955538
1583,0.2962843478
1582,0.2941398025
1581,0.2894256115
1580,0.2908429503
1579,0.2811853886
1578,0.2808030844
1577,0.280659914
1576,0.2722530067
1575,0.2689813375
1574,0.2675000429
1573,0.2668032944
1572,0.2626408339
1571,0.2550495267
1570,0.2589708567
1569,0.2592558861
1568,0.252592206
1567,0.2467642576
1566,0.2489763051
1565,0.2472313046
1564,0.2404068857
1563,0.2369673401
1562,0.2411408871
1561,0.2432949841
1560,0.2344565243
1559,0.2319677323
1558,0.2354966402
1557,0.2342877984
1556,0.2273290902
1555,0.2242785245
1554,0.2316860557
1553,0.2300560176
1552,0.2210156024
1551,0.2247126251
1550,0.2322033048
1549,0.2248338163
1548,0.2207729667
1547,0.224192366
1546,0.2259823531
1545,0.2224145234
1544,0.2215725332
1543,0.2237139344
1542,0.2227528244
1541,0.2214843631
1540,0.2213024795
1539,0.2225582004
1538,0.2228750437
1537,0.2164327502
1536,0.2182457894
1535,0.2196140289
1534,0.2198283374
1533,0.2171109468
1532,0.2233922929
1531,0.2213646621
1530,0.2194607109
1529,0.220293954
1528,0.2226516306
1527,0.2214120179
1526,0.221600309
1525,0.2213506252
1524,0.2240884751
1523,0.219860971
1522,0.2224542946
1521,0.2274859697
1520,0.2260338813
1519,0.2223686129
1518,0.2264918238
1517,0.227218613
1516,0.2269118279
1515,0.2298166007
1514,0.2302676439
1513,0.2320528477
1512,0.2274240106
1511,0.2310120314
1510,0.233906135
1509,0.2357811481
1508,0.2342662364
1507,0.2412527353
1506,0.2380716652
1505,0.2393181622
1504,0.2393163443
1503,0.2451249212
1502,0.2442744523
1501,0.2405391335
1500,0.2464332879
1499,0.2487311363
1498,0.2503753304
1497,0.2484161854
1496,0.2519938648
1495,0.2528850138
1494,0.253862828
1493,0.2546440363
1492,0.2600910366
1491,0.2583744526
1490,0.2586199045
1489,0.2627780735
1488,0.2673963904
1487,0.2643091977
1486,0.2646038234
1485,0.2712298036
1484,0.2727464736
1483,0.2714938521
1482,0.2759768963
1481,0.2816004157
1480,0.282499522
1479,0.2838636637
1478,0.2857250273
1477,0.2891384661
1476,0.2909412384
1475,0.2917532921
1474,0.3001165688
1473,0.3003367484
1472,0.3016708791
1471,0.3069552481
1470,0.3134392798
1469,0.3159288764
1468,0.322814554
1467,0.3257602453
1466,0.3309047222
1465,0.3324284554
1464,0.3435838521
1463,0.3489553332
1462,0.355469197
1461,0.3601842225
1460,0.3678212464
1459,0.3748190701
1458,0.3792966008
1457,0.3909406364
1456,0.3968181014
1455,0.399849087
1454,0.4128511548
1453,0.4226412773
1452,0.4286304712
1451,0.4361798465
1450,0.4512450993
1449,0.4582642615
1448,0.4612470865
1447,0.4787343144
1446,0.4914158881
1445,0.4952068329
1444,0.5066636205
1443,0.5225970745
1442,0.5312748551
1441,0.539924264
1440,0.5600720048
1439,0.5735757351
1438,0.5805518627
1437,0.5964318514
1436,0.618411839
1435,0.6266602278
1434,0.6354658604
1433,0.656708777
1432,0.6748732924
1431,0.6814195514
1430,0.7061235905
1429,0.7347367406
1428,0.7474277616
1427,0.7616574764
1426,0.798446238
1425,0.82047683
1424,0.8336021304
1423,0.8743019104
1422,0.9064357877
1421,0.9194948673
1420,0.9575875401
1419,1.008177876
1418,1.026776552
1417,1.063609481
1416,1.116847992
1415,1.143706083
1414,1.182283044
1413,1.243177652
1412,1.265585661
1411,1.295743465
1410,1.351294279
1409,1.374653101
1408,1.378856182
1407,1.414394975
1406,1.422586918
1405,1.40680635
1404,1.412346363
1403,1.391401172
1402,1.336993456
1401,1.31428206
1400,1.289988756
1399,1.231033206
1398,1.180496454
1397,1.143323898
1396,1.102891326
1395,1.052512646
1394,1.002534986
1393,0.9686074257
1392,0.9325863719
1391,0.8886933327
1390,0.8568232656
1389,0.8354989886
1388,0.808688283
1387,0.773180604
1386,0.7515494823
1385,0.7270398736
1384,0.7024920583
1383,0.6912120581
1382,0.6756718159
1381,0.664321661
1380,0.660793066
1379,0.6513317823
1378,0.6494348645
1377,0.6504680514
1376,0.644831717
1375,0.643429935
1374,0.6474401951
1373,0.6428218484
1372,0.6457772851
1371,0.6413943768
1370,0.6346207857
1369,0.6301181316
1368,0.6228339672
1367,0.6113196015
1366,0.6001875401
1365,0.5890433192
1364,0.5733659863
1363,0.5671627522
1362,0.5583604574
1361,0.5474436879
1360,0.534177959
1359,0.5235088468
1358,0.5103642941
1357,0.5045906901
1356,0.4943193495
1355,0.4877660871
1354,0.4755295217
1353,0.4645420313
1352,0.4552184045
1351,0.4513657987
1350,0.4405392408
1349,0.436986804
1348,0.4293234944
1347,0.4207630157
1346,0.4135223925
1345,0.4127827883
1344,0.4030660391
1343,0.4008742571
1342,0.3951829076
1341,0.3884780109
1340,0.3872069418
1339,0.3796553612
1338,0.3780444264
1337,0.3747307956
1336,0.37238276
1335,0.36842224
1334,0.3652190566
1333,0.3637290001
1332,0.359831214
1331,0.3558107615
1330,0.354291141
1329,0.3544263542
1328,0.351235956
1327,0.3471513987
1326,0.3490769565
1325,0.3471574187
1324,0.346618861
1323,0.3442498744
1322,0.3454335928
1321,0.3441495299
1320,0.343370378
1319,0.3428777754
1318,0.3434416354
1317,0.3445225954
1316,0.3434432745
1315,0.3414910138
1314,0.3454908133
1313,0.3468356729
1312,0.343788147
1311,0.3454086483
1310,0.3470287919
1309,0.3498279154
1308,0.35186252
1307,0.3514683545
1306,0.3540231586
1305,0.3537005186
1304,0.356094718
1303,0.3635958731
1302,0.3650820553
1301,0.3680238426
1300,0.3699886799
1299,0.3744360209
1298,0.3797715604
1297,0.3831370175
1296,0.3844580054
1295,0.3943610489
1294,0.3977570236
1293,0.4006080329
1292,0.4075349867
1291,0.4132175446
1290,0.4200441837
1289,0.4275190234
1288,0.4352868497
1287,0.4442126155
1286,0.4481803775
1285,0.4601411521
1284,0.4708680809
1283,0.4783509672
1282,0.4878674746
1281,0.4969182909
1280,0.5085507631
1279,0.52319175
1278,0.5367712379
1277,0.5483031869
1276,0.5634313226
1275,0.5796459913
1274,0.5960872173
1273,0.6125565767
1272,0.630179584
1271,0.6543711424
1270,0.675534606
1269,0.6964284182
1268,0.7184518576
1267,0.7471091747
1266,0.7731351256
1265,0.8042012453
1264,0.8324990869
1263,0.8679602146
1262,0.902490437
1261,0.9387443066
1260,0.9784504771
1259,1.026672959
1258,1.074208736
1257,1.120596647
1256,1.175694585
1255,1.236612439
1254,1.291733861
1253,1.361681461
1252,1.435119629
1251,1.508129597
1250,1.589273334
1249,1.677748799
1248,1.768283129
1247,1.86489296
1246,1.97416544
1245,2.08223772
1244,2.199068785
1243,2.31904006
1242,2.447611094
1241,2.578214169
1240,2.719255447
1239,2.862899303
1238,2.995182276
1237,3.138063908
1236,3.281146765
1235,3.413767338
1234,3.546209335
1233,3.668718815
1232,3.773115635
1231,3.868001699
1230,3.950615644
1229,4.010993958
1228,4.050981998
1227,4.072511196
1226,4.069142342
1225,4.050650597
1224,4.008738041
1223,3.949757338
1222,3.877572298
1221,3.791038036
1220,3.690175056
1219,3.590939283
1218,3.475828886
1217,3.362515211
1216,3.252926111
1215,3.128957748
1214,3.008863926
1213,2.89714241
1212,2.788926363
1211,2.676038742
1210,2.573092937
1209,2.475283384
1208,2.372327328
1207,2.281825542
1206,2.198074102
1205,2.114223719
1204,2.033190966
1203,1.956714511
1202,1.884683013
1201,1.815034986
1200,1.750984192
1199,1.6945858
1198,1.637612343
1197,1.582149386
1196,1.525477886
1195,1.473818779
1194,1.422371149
1193,1.377838612
1192,1.328778028
1191,1.284931064
1190,1.241416335
1189,1.196558237
1188,1.158891678
1187,1.117762566
1186,1.082490325
1185,1.046802521
1184,1.014021754
1183,0.9796252251
1182,0.9461829662
1181,0.9184120297
1180,0.8896345496
1179,0.861128211
1178,0.8351925015
1177,0.8121210933
1176,0.7855039835
1175,0.7620751858
1174,0.7427359819
1173,0.7246775031
1172,0.7038027644
1171,0.6827784181
1170,0.6695456505
1169,0.6552712321
1168,0.6412425637
1167,0.6253253222
1166,0.6168327332
1165,0.6028828025
1164,0.5931020975
1163,0.5821248293
1162,0.5743051171
1161,0.5657170415
1160,0.558932662
1159,0.5533178449
1158,0.5451107025
1157,0.5410692692
1156,0.5336529016
1155,0.5291588306
1154,0.52490592
1153,0.5191014409
1152,0.5169506073
1151,0.5113811493
1150,0.5084198713
1149,0.5060748458
1148,0.5036978126
1147,0.5008687973
1146,0.4976012707
1145,0.497050643
1144,0.4950618744
1143,0.4916552007
1142,0.4918138087
1141,0.4897488356
1140,0.4873759449
1139,0.4870774746
1138,0.4835212231
1137,0.4841734171
1136,0.4829028249
1135,0.4771508276
1134,0.475317806
1133,0.4712989032
1132,0.4696596861
1131,0.4698385596
1130,0.4648064375
1129,0.4631192982
1128,0.4593607485
1127,0.4571059644
1126,0.4560931921
1125,0.4502489567
1124,0.4469460249
1123,0.4421815276
1122,0.4382841289
1121,0.4341292977
1120,0.429477036
1119,0.4264414907
1118,0.420116812
1117,0.4176588655
1116,0.4098831117
1115,0.4066897929
1114,0.4007668793
1113,0.3944266438
1112,0.391012013
1111,0.3870413899
1110,0.3845674992
1109,0.3786831498
1108,0.3744945824
1107,0.3704137206
1106,0.3649327159
1105,0.3635966778
1104,0.3589320779
1103,0.3545194566
1102,0.350826174
1101,0.3507665396
1100,0.344786942
1099,0.3428982198
1098,0.342564553
1097,0.3373948038
1096,0.3358469605
1095,0.3352588415
1094,0.3318966031
1093,0.3266646862
1092,0.3245863616
1091,0.3238667846
1090,0.3213841617
1089,0.3202449083
1088,0.3173271716
1087,0.3141509295
1086,0.310338974
1085,0.3103400767
1084,0.3084964454
1083,0.3022627234
1082,0.3043578565
1081,0.3001536429
1080,0.2991228104
1079,0.2967585325
1078,0.2951714993
1077,0.2925470769
1076,0.2895515561
1075,0.2874635756
1074,0.2854210138
1073,0.2849351764
1072,0.2842482328
1071,0.284066081
1070,0.2836327851
1069,0.2788691521
1068,0.2773008347
1067,0.2804717124
1066,0.2787247598
1065,0.2767163813
1064,0.2769720554
1063,0.2773332
1062,0.2763488293
1061,0.2759653628
1060,0.2782511115
1059,0.2777371109
1058,0.2776095569
1057,0.276553005
1056,0.2768278122
1055,0.2793020904
1054,0.2785061598
1053,0.2806296945
1052,0.2787568867
1051,0.2801502645
1050,0.2834778428
1049,0.2849476039
1048,0.2826844454
1047,0.2846078277
1046,0.2861998379
1045,0.2878957391
1044,0.2869335711
1043,0.2916398048
1042,0.2909601331
1041,0.2937620878
1040,0.2927826345
1039,0.2974682748
1038,0.301384002
1037,0.2996009588
1036,0.3020791709
1035,0.3061987758
1034,0.3061055243
1033,0.3110354543
1032,0.3128291667
1031,0.3150321841
1030,0.3190057576
1029,0.3217374682
1028,0.3264473975
1027,0.3308813572
1026,0.3338279128
1025,0.3360080421
1024,0.342772603
1023,0.3455663025
1022,0.3472822309
1021,0.3566840291
1020,0.3579573035
1019,0.3649241328
1018,0.3671808839
1017,0.3694287837
1016,0.3779371679
1015,0.3828370273
1014,0.3903565109
1013,0.3936461508
1012,0.4005737007
1011,0.408919245
1010,0.412956357
1009,0.4195652008
1008,0.4298548698
1007,0.4381185472
1006,0.4465031922
1005,0.4558708966
1004,0.4658837318
1003,0.4771119356
1002,0.483664453
1001,0.495118916
1000,0.5061033368
999,0.5125918388
998,0.5275446177
997,0.5357114077
996,0.5450115204
995,0.5578829646
994,0.5675781369
993,0.5817795992
992,0.5943010449
991,0.6062204242
990,0.6188372374
989,0.6357333064
988,0.6527798772
987,0.6650216579
986,0.6830100417
985,0.7008743286
984,0.7196249962
983,0.740950346
982,0.7626088858
981,0.7819442749
980,0.8029193878
979,0.8254432082
978,0.8427386284
977,0.8665775657
976,0.8865719438
975,0.9099404216
974,0.9300603271
973,0.9514889717
972,0.9760938883
971,0.9987955093
970,1.021273017
969,1.045164347
968,1.064742923
967,1.088109732
966,1.108991504
965,1.132398844
964,1.148552775
963,1.170770049
962,1.192037106
961,1.213779449
960,1.233610272
959,1.254542351
958,1.271982908
957,1.290961027
956,1.312137008
955,1.330062389
954,1.349132657
953,1.370338798
952,1.384154081
951,1.400575876
950,1.416946292
949,1.428536415
948,1.441144347
947,1.454727292
946,1.462546349
945,1.468854189
944,1.480115414
943,1.482780933
942,1.488357306
941,1.49201417
940,1.497520566
939,1.500969529
938,1.503878355
937,1.50340116
936,1.501123667
935,1.496867776
934,1.496951222
933,1.488626719
932,1.487188935
931,1.48147738
930,1.475743771
929,1.46469152
928,1.45515573
927,1.448718309
926,1.442875385
925,1.432241201
924,1.425531626
923,1.420121312
922,1.414098144
921,1.403061509
920,1.399552345
919,1.392215371
918,1.383700728
917,1.380385637
916,1.377344728
915,1.373667598
914,1.364341617
913,1.365488052
912,1.358227372
911,1.352263451
910,1.3486588
909,1.350393295
908,1.346574306
907,1.343242884
906,1.338958979
905,1.341550946
904,1.337411761
903,1.337553263
902,1.33772254
901,1.339361429
900,1.337562919
899,1.336560011
898,1.338050961
897,1.339733005
896,1.344649911
895,1.344333768
894,1.347983718
893,1.352627754
892,1.358101606
891,1.362371922
890,1.371271849
889,1.37966001
888,1.386317015
887,1.393862844
886,1.404586315
885,1.414384246
884,1.422846198
883,1.432397366
882,1.443919301
881,1.458363652
880,1.47142899
879,1.48617065
878,1.498965144
877,1.514598012
876,1.531635404
875,1.546203136
874,1.563092351
873,1.58257556
872,1.600543261
871,1.62037611
870,1.640251279
869,1.663239479
868,1.684042811
867,1.708341241
866,1.731168151
865,1.759686112
864,1.785966754
863,1.816231966
862,1.84748137
861,1.878470898
860,1.910127878
859,1.946092367
858,1.983611822
857,2.01991415
856,2.056699038
855,2.095865011
854,2.13748765
853,2.188942909
852,2.232358694
851,2.278813362
850,2.331096411
849,2.387526751
848,2.444178104
847,2.505892992
846,2.561644554
845,2.628966808
844,2.687237263
843,2.766438723
842,2.832471132
841,2.911787987
840,2.989100933
839,3.077064514
838,3.168968439
837,3.256768703
836,3.347586393
835,3.456975937
834,3.563903332
833,3.672810555
832,3.791887999
831,3.918623924
830,4.049426079
829,4.185115814
828,4.327950954
827,4.479448795
826,4.636557579
825,4.799832344
824,4.984921455
823,5.170074463
822,5.362716198
821,5.574328423
820,5.787456512
819,6.019319534
818,6.257628441
817,6.511618137
816,6.777152538
815,7.062094688
814,7.364856243
813,7.697880268
812,8.039568901
811,8.409188271
810,8.78461647
809,9.199038506
808,9.634442329
807,10.10045528
806,10.59597874
805,11.10901451
804,11.6618042
803,12.25221729
802,12.87309647
801,13.5302906
800,14.22368622
799,14.95778751
798,15.76817322
797,16.61184883
796,17.49250793
795,18.43736649
794,19.43580055
793,20.48614502
792,21.56992722
791,22.72297859
790,23.93480492
789,25.22841644
788,26.59438324
787,27.98827553
786,29.51123047
785,31.07533836
784,32.72130203
783,34.42087936
782,36.1569252
781,37.9662056
780,39.81677246
779,41.68397903
778,43.60172272
777,45.52166367
776,47.48594666
775,49.47169495
774,51.40798569
773,53.39381027
772,55.2842865
771,57.13924026
770,58.99256516
769,60.75839233
768,62.46883774
767,64.17136383
766,65.73377991
765,67.3055191
764,68.8388443
763,70.32082367
762,71.69844055
761,73.0076828
760,74.23509216
759,75.42064667
758,76.50881958
757,77.51242828
756,78.44623566
755,79.32130432
754,80.1599884
753,80.9369812
752,81.66108704
751,82.2958374
750,82.92603302
749,83.53087616
748,84.08764648
747,84.56134033
746,85.02991486
745,85.47322845
744,85.89794922
743,86.30060577
742,86.61475372
741,86.89355469
740,87.1819458
739,87.43569946
738,87.63324738
737,87.79042053
736,87.92251587
735,88.03336334
734,88.12399292
733,88.18756866
732,88.15834808
731,88.12069702
730,88.0584259
729,88.01669312
728,87.91172791
727,87.78417206
726,87.63826752
725,87.48868561
724,87.32584381
723,87.15535736
722,86.94293213
721,86.71165466
720,86.53786469
719,86.33177185
718,86.15533447
717,85.95503235
716,85.78718567
715,85.64853668
714,85.56974792
713,85.49462891
712,85.41062164
711,85.36607361
710,85.40016174
709,85.47538757
708,85.52967072
707,85.63306427
706,85.76006317
705,85.94211578
704,86.11675262
703,86.28180695
702,86.42103577
701,86.54540253
700,86.68543243
699,86.78450775
698,86.83802795
697,86.82459259
696,86.7780304
695,86.69538879
694,86.55303192
693,86.3649292
692,86.12634277
691,85.86555481
690,85.61190033
689,85.34046173
688,85.09658813
687,84.84638977
686,84.63096619
685,84.46846771
684,84.35635376
683,84.23616791
682,84.14542389
681,84.10855103
680,84.11495972
679,84.20406342
678,84.29024506
677,84.38989258
676,84.53697968
675,84.67556763
674,84.87490845
673,85.04122162
672,85.16514587
671,85.29405212
670,85.4105835
669,85.49610901
668,85.55740356
667,85.54512787
666,85.49926758
665,85.43579102
664,85.31277466
663,85.12818909
662,84.8923111
661,84.65104675
660,84.39064026
659,84.12974548
658,83.85662079
657,83.57288361
656,83.33934784
655,83.16786194
654,83.0562439
653,82.98373413
652,82.94895935
651,82.97935486
650,83.05095673
649,83.1523056
648,83.28365326
647,83.40571594
646,83.56080627
645,83.72866821
644,83.88848877
643,84.03468323
642,84.1361618
641,84.26233673
640,84.3770752
639,84.51547241
638,84.65128326
637,84.77896881
636,84.92133331
635,85.1159668
634,85.30397797
633,85.48751068
632,85.63480377
631,85.80262756
630,85.93471527
629,86.05651093
628,86.11815643
627,86.13383484
626,86.0975647
625,86.04315186
624,85.92571259
623,85.70510864
622,85.40808105
621,85.09458923
620,84.71182251
619,84.32029724
618,83.85317993
617,83.38774872
616,82.93015289
615,82.52311707
614,82.20970917
613,81.96099091
612,81.82926178
611,81.81634521
610,81.97691345
609,82.28010559
608,82.67841339
607,83.22779846
606,83.86988831
605,84.61099243
604,85.41708374
603,86.21881104
602,87.03598785
601,87.76958466
600,88.49349213
599,89.07505035
598,89.52211761
597,89.82927704
596,90.00888824
595,90.06510162
594,89.9638443
593,89.73817444
592,89.40461731
591,89.01100922
590,88.59333801
589,88.15014648
588,87.71405792
587,87.30464935
586,86.96273041
585,86.69165039
584,86.51131439
583,86.41317749
582,86.3717804
581,86.4164505
580,86.54769897
579,86.72522736
578,86.92288208
577,87.1259613
576,87.35753632
575,87.57987976
574,87.81939697
573,87.98697662
572,88.12701416
571,88.23159027
570,88.31213379
569,88.30339813
568,88.26467133
567,88.17159271
566,88.06058502
565,87.94245148
564,87.81666565
563,87.6366806
562,87.50971222
561,87.39888
560,87.35418701
559,87.33270264
558,87.35813141
557,87.42542267
556,87.58000946
555,87.79385376
554,88.03338623
553,88.29322815
552,88.54978943
551,88.79153442
550,88.98822784
549,89.09608459
548,89.06298065
547,88.94919586
546,88.72032928
545,88.40283203
544,87.99341583
543,87.50176239
542,86.98709869
541,86.47833252
540,85.99852753
539,85.5311203
538,85.08873749
537,84.68561554
536,84.34145355
535,84.03206635
534,83.76313019
533,83.50463867
532,83.25257874
531,83.02635193
530,82.83789825
529,82.63550568
528,82.40989685
527,82.19894409
526,82.03637695
525,81.92861176
524,81.88186646
523,81.88269806
522,81.99389648
521,82.18101501
520,82.47988129
519,82.82037354
518,83.19948578
517,83.58726501
516,84.00547791
515,84.3986969
514,84.80239868
513,85.16592407
512,85.50465393
511,85.89881897
510,86.25005341
509,86.54486084
508,86.76881409
507,86.89990997
506,86.95661926
505,86.89677429
504,86.72953796
503,86.47383118
502,86.20681
501,85.93325043
500,85.6789093
499,85.4642334
498,85.36031342
497,85.37399292
496,85.59950256
495,86.01477814
494,86.54001617
493,87.20236969
492,87.89193726
491,88.59638214
490,89.16679382
489,89.54392242
488,89.66133881
487,89.52237701
486,89.18626404
485,88.63666534
484,87.96084595
483,87.23994446
482,86.5499115
481,86.00435638
480,85.61727142
479,85.373703
478,85.30445862
477,85.41615295
476,85.63188171
475,85.94216919
474,86.25892639
473,86.5003891
472,86.70266724
471,86.83248138
470,86.84062958
469,86.69837189
468,86.51722717
467,86.24351501
466,85.97797394
465,85.76911163
464,85.58176422
463,85.48065948
462,85.4801178
461,85.60909271
460,85.7781601
459,85.99905396
458,86.16664886
457,86.26277161
456,86.22850037
455,85.95999146
454,85.40203857
453,84.62415314
452,83.68688202
451,82.65743256
450,81.64083099
449,80.6876297
448,79.9043808
447,79.37276459
446,79.14454651
445,79.24009705
444,79.60037231
443,80.21619415
442,81.00761414
441,81.82041931
440,82.59664154
439,83.21676636
438,83.65350342
437,83.90493774
436,84.06000519
435,84.11329651
434,84.09895325
433,84.05040741
432,83.97664642
431,83.77542114
430,83.30050659
429,82.45574188
428,81.21315002
427,79.66783905
426,77.96972656
425,76.34610748
424,75.02779388
423,74.24897003
422,74.05391693
421,74.51602936
420,75.44371796
419,76.59886169
418,77.68264771
417,78.47330475
416,78.83943939
415,78.68131256
414,78.17076111
413,77.49098206
412,76.91576385
411,76.59855652
410,76.48847961
409,76.65718079
408,77.00726318
407,77.37244415
406,77.62619781
405,77.5686264
404,77.02832031
403,75.85839081
402,74.1317749
401,71.92066956
400,69.55240631
399,67.37159729
398,65.67313385
397,64.5417099
396,63.85918808
395,63.32718277
394,62.53479767
393,61.18297577
392,59.46131897
391,57.88132477
390,57.36277008
389,58.63711929
388,61.36058426
387,61.77394867
386,54.37995911
385,38.83729172
384,22.4903717
383,11.39718533
382,5.662777901
381,2.98880744
380,1.660460472
379,0.9883688688
378,0.6232750416
377,0.4131157994
376,0.2873643637
375,0.2074466795
374,0.1551876515
373,0.1209605858
372,0.09752833843
371,0.08147244155
370,0.0698652938
369,0.06172602996
368,0.05656002462
367,0.05360544473
366,0.05207085609
365,0.05255734548
364,0.05446098
363,0.05900003761
362,0.06576312333
361,0.07698784769
360,0.09286732227
359,0.1204308495
358,0.1643727869
357,0.242236495
356,0.38899526
355,0.6984298825
354,1.486517906
353,3.726969719
352,7.948027611
351,11.82519531
350,12.09296799
349,10.16220665
348,9.352726936
347,10.06909943
346,11.59019566
345,12.71502972
344,12.28761578
343,10.36940289
342,8.141551971
341,6.441648483
340,5.423290253
339,4.926510811
338,4.429782391
337,3.491951227
336,2.266318798
335,1.206615806
334,0.5903636813
333,0.2903851867
332,0.1505785733
331,0.08340596408
330,0.04837721214
329,0.02854872122
328,0.01723916456
327,0.01090859529
326,0.007350261789
325,0.005068846513
324,0.004177938681
323,0.003336173948
322,0.003072807565
321,0.002754033543
320,0.0025423388
319,0.002624229761
318,0.00266162632
317,0.002747697756
316,0.003778438317
315,0.004482898396
314,0.00609820988
313,0.009785085917
312,0.01549902558
311,0.0242263712
310,0.03562469035
309,0.05635527149
308,0.09399735183
307,0.1534044594
306,0.233901158
305,0.3158905506
304,0.3549694717
303,0.3288123608
302,0.2532196045
301,0.164032802
300,0.08918032795